Workbook

Sheet overview
A2: TOTAL BEES | B2: =B3+B4 -> 591
A3: Bees caught | B3: =sum(specimens!M:M) -> 431 | D3: Flower Species | E3: =IFERROR(__xludf.DUMMYFUNCTION("COUNTUNIQUE(flowers!D:D)-1"),117.0) -> 117
A4: Bees observed | B4: =sum(observations!E:E) -> 160 | D4: Bird Species | E4: =IFERROR(__xludf.DUMMYFUNCTION("COUNTUNIQUE(other!E:E)-1"),20.0) -> 20
A6: GARDEN | B6: BEES FROM SITE
A7: Clayton | B7: =sumif(specimens!H:H,A7,specimens!M:M) -> 29 | C7: CWG
A8: Luigi | B8: =sumif(specimens!H:H,A8,specimens!M:M) -> 12 | C8: LGL
A9: ELG | B9: =sumif(specimens!H:H,A9,specimens!M:M) -> 40 | C9: ELG
A10: PV | B10: =sumif(specimens!H:H,A10,specimens!M:M) -> 0 | C10: PVG
A11: Lydia | B11: =sumif(specimens!H:H,A11,specimens!M:M) -> 53 | C11: LMG
A12: Gallo | B12: =sumif(specimens!H:H,A12,specimens!M:M) -> 16 | C12: OEG
A13: Drew | B13: =sumif(specimens!H:H,A13,specimens!M:M) -> 39 | C13: DRE
A14: River | B14: =sumif(specimens!H:H,A14,specimens!M:M) -> 33 | C14: BXR
A15: Hornaday | B15: =sumif(specimens!H:H,A15,specimens!M:M) -> 16 | C15: HOR
A16: Happiness | B16: =sumif(specimens!H:H,A16,specimens!M:M) -> 47 | C16: GOH
A17: Oasis | B17: =sumif(specimens!H:H,A17,specimens!M:M) -> 28 | C17: OAS
A18: BLF | B18: =sumif(specimens!H:H,A18,specimens!M:M) -> 37 | C18: BLF
A19: Batey | B19: =sumif(specimens!H:H,A19,specimens!M:M) -> 6 | C19: BAT
A20: West123 | B20: =sumif(specimens!H:H,A20,specimens!M:M) -> 19 | C20: 123
A21: Cook | B21: =sumif(specimens!H:H,A21,specimens!M:M) -> 0 | C21: COOK
A22: Carrie | B22: =sumif(specimens!H:H,A22,specimens!M:M) -> 1 | C22: CMC

Sheet collections
A1: Site | B1: Address | C1: Method | D1: Date Collected | E1: Time 1 | F1: Time 2 | G1: Notes
A2: Drew | B2: {=xlookup(A2,addresses!A:A,addresses!B:B, "n/a")} -> 1070 E Tremont Ave, Bronx, NY | C2: net | D2: 46161 | E2: 0.38194444 | F2: 0.40277778
A3: River | B3: {=xlookup(A3,addresses!A:A,addresses!B:B, "n/a")} -> 1086 E 180th St, Bronx, NY | C3: net | D3: 46161 | E3: 0.42847222 | F3: 0.44930556
A4: Hornaday | B4: {=xlookup(A4,addresses!A:A,addresses!B:B, "n/a")} -> 851 Hornaday Pl, Bronx, NY | C4: net | D4: 46161 | E4: 0.46805556 | F4: 0.48888889
A5: Drew | B5: {=xlookup(A5,addresses!A:A,addresses!B:B, "n/a")} -> 1070 E Tremont Ave, Bronx, NY | C5: net | D5: 46161 | E5: 0.55208333 | F5: 0.57291667
A6: River | B6: {=xlookup(A6,addresses!A:A,addresses!B:B, "n/a")} -> 1086 E 180th St, Bronx, NY | C6: net | D6: 46161 | E6: 0.58333333 | F6: 0.60416667
A7: Hornaday | B7: {=xlookup(A7,addresses!A:A,addresses!B:B, "n/a")} -> 851 Hornaday Pl, Bronx, NY | C7: net | D7: 46161 | E7: 0.62083333 | F7: 0.64166667
A8: Clayton | B8: {=xlookup(A8,addresses!A:A,addresses!B:B, "n/a")} -> 303 W 126th St, New York, NY | C8: bowl | D8: 46171 | E8: 0.39236111 | F8: 0.42013889
A9: Luigi | B9: {=xlookup(A9,addresses!A:A,addresses!B:B, "n/a")} -> 227 W 115th St, New York, NY | C9: bowl | D9: 46171 | E9: 0.42013889 | F9: 0.44097222
A10: ELG | B10: {=xlookup(A10,addresses!A:A,addresses!B:B, "n/a")} -> 237 W 111th St, New York, NY | C10: bowl | D10: 46171 | E10: 0.44097222 | F10: 0.45694444
A11: Peaceful | B11: {=xlookup(A11,addresses!A:A,addresses!B:B, "n/a")} -> 52 E 117th St, New York, NY | C11: bowl | D11: 46171 | E11: 0.46180556 | F11: 0.47916667 | G11: sick baby rat. Mistaken for Tom. Several dead rats next day
A12: Lydia | B12: {=xlookup(A12,addresses!A:A,addresses!B:B, "n/a")} -> 1665 Park Ave, New York, NY | C12: bowl | D12: 46171 | E12: 0.47222222 | F12: 0.49097222 | G12: met Alicia.
A13: Gallo | B13: {=xlookup(A13,addresses!A:A,addresses!B:B, "n/a")} -> 1891 Lexington Ave, New York, NY | C13: bowl | D13: 46171 | E13: 0.48263889 | F13: 0.5 | G13: friendly cat. Lady who wanted Roses. Other woman who wanted to come in
A14: Drew | B14: {=xlookup(A14,addresses!A:A,addresses!B:B, "n/a")} -> 1070 E Tremont Ave, Bronx, NY | C14: bowl | D14: 46171 | E14: 0.64444444 | F14: 0.55902778 | G14: friendly ducks and goose family
A15: River | B15: {=xlookup(A15,addresses!A:A,addresses!B:B, "n/a")} -> 1086 E 180th St, Bronx, NY | C15: bowl | D15: 46171 | E15: 0.66666667 | F15: 0.59027778 | G15: crazy ant colony
A16: Hornaday | B16: {=xlookup(A16,addresses!A:A,addresses!B:B, "n/a")} -> 851 Hornaday Pl, Bronx, NY | C16: bowl | D16: 46171 | E16: 0.6875 | F16: 0.60416667
A17: Happiness | B17: {=xlookup(A17,addresses!A:A,addresses!B:B, "n/a")} -> 2160 Prospect Avenue | C17: bowl | D17: 46171 | E17: 0.70486111 | F17: 0.62152778 | G17: kitten and boy who wanted a flower
A18: Oasis | B18: {=xlookup(A18,addresses!A:A,addresses!B:B, "n/a")} -> 1981 Lafontaine Ave, Bronx, NY | C18: bowl | D18: 46171 | E18: 0.73263889 | F18: 0.64236111 | G18: chickens being picked off by raccoon, they say? Told to watch "The Beekeeper"
A19: Clayton | B19: {=xlookup(A19,addresses!A:A,addresses!B:B, "n/a")} -> 303 W 126th St, New York, NY | C19: net | D19: 46175 | E19: 0.375 | F19: 0.90069444 | G19: woman gawking at cherry tree. Guy peeing on sidewalk
A20: Luigi | B20: {=xlookup(A20,addresses!A:A,addresses!B:B, "n/a")} -> 227 W 115th St, New York, NY | C20: net | D20: 46175 | E20: 0.42152778 | F20: 0.94305556 | G20: saw a ground-nesting bee dig into soil in a raised bed!
A21: ELG | B21: {=xlookup(A21,addresses!A:A,addresses!B:B, "n/a")} -> 237 W 111th St, New York, NY | C21: net | D21: 46175 | E21: 0.45625 | F21: 0.48958333 | G21: talked to Meredith. Saw cute baby blue jay
A22: Clayton | B22: {=xlookup(A22,addresses!A:A,addresses!B:B, "n/a")} -> 303 W 126th St, New York, NY | C22: net | D22: 46175 | E22: 0.55555556 | F22: 0.58333333 | G22: Marva present
A23: Luigi | B23: {=xlookup(A23,addresses!A:A,addresses!B:B, "n/a")} -> 227 W 115th St, New York, NY | C23: net | D23: 46175 | E23: 0.60416667 | F23: 0.62708333
A24: ELG | B24: {=xlookup(A24,addresses!A:A,addresses!B:B, "n/a")} -> 237 W 111th St, New York, NY | C24: net | D24: 46175 | E24: 0.63819444 | F24: 0.66388889
A25: Happiness | B25: {=xlookup(A25,addresses!A:A,addresses!B:B, "n/a")} -> 2160 Prospect Avenue | C25: net | D25: 46177 | E25: 0.35833333 | F25: 0.39166667 | G25: on bus, heckled by a man for being white. "You're in the wrong neighborhood. You've got five boroughs". Black man with MAGA hat. Said that Trump was black (?) and disparaged Mamdani. Would've been frightened if he was not in a wheelchair. Experience at the garden itself was lovely. Used Google translate to help talk to members. A child, Andres, "helped me" with catching bees (but I was a good sport about it!)
A26: BLF | B26: {=xlookup(A26,addresses!A:A,addresses!B:B, "n/a")} -> 2485 Belmont Ave, Bronx, NY | C26: net | D26: 46177 | E26: 0.4125 | F26: 0.43888889 | G26: We're in! Used translate to speak with Aida. I'm free to come by whenever the garden is open.
A27: Oasis | B27: {=xlookup(A27,addresses!A:A,addresses!B:B, "n/a")} -> 1981 Lafontaine Ave, Bronx, NY | C27: net | D27: 46177 | E27: 0.45625 | F27: 0.48194444 | G27: Present for a shipment of mulch/soil (from GreenThumb?)
A28: Happiness | B28: {=xlookup(A28,addresses!A:A,addresses!B:B, "n/a")} -> 2160 Prospect Avenue | C28: net | D28: 46177 | E28: 0.51805556 | F28: 0.54166667
A29: BLF | B29: {=xlookup(A29,addresses!A:A,addresses!B:B, "n/a")} -> 2485 Belmont Ave, Bronx, NY | C29: net | D29: 46177 | E29: 0.55972222 | F29: 0.58472222
A30: Oasis | B30: {=xlookup(A30,addresses!A:A,addresses!B:B, "n/a")} -> 1981 Lafontaine Ave, Bronx, NY | C30: net | D30: 46177 | E30: 0.61111111 | F30: 0.63541667 | G30: Talked to Winston, the beekeeper.
A31: Gallo | B31: {=xlookup(A31,addresses!A:A,addresses!B:B, "n/a")} -> 1891 Lexington Ave, New York, NY | C31: net | D31: 46181 | E31: 0.39236111 | F31: 0.42013889
A32: Peaceful | B32: {=xlookup(A32,addresses!A:A,addresses!B:B, "n/a")} -> 52 E 117th St, New York, NY | C32: net | D32: 46181 | E32: 0.42291667 | F32: 0.44791667
A33: Lydia | B33: {=xlookup(A33,addresses!A:A,addresses!B:B, "n/a")} -> 1665 Park Ave, New York, NY | C33: net | D33: 46181 | E33: 0.45277778 | F33: 0.47916667 | G33: helped Alicia measure the pollinator garden
A34: Gallo | B34: {=xlookup(A34,addresses!A:A,addresses!B:B, "n/a")} -> 1891 Lexington Ave, New York, NY | C34: net | D34: 46181 | E34: 0.52430556 | F34: 0.54861111 | G34: met Eddie, a member.
A35: Peaceful | B35: {=xlookup(A35,addresses!A:A,addresses!B:B, "n/a")} -> 52 E 117th St, New York, NY | C35: net | D35: 46181 | E35: 0.55902778 | F35: 0.58333333 | G35: not a single bee- all shaded at this time
A36: Lydia | B36: {=xlookup(A36,addresses!A:A,addresses!B:B, "n/a")} -> 1665 Park Ave, New York, NY | C36: net | D36: 46181 | E36: 0.58888889 | F36: 0.6125
A37: River | B37: {=xlookup(A37,addresses!A:A,addresses!B:B, "n/a")} -> 1086 E 180th St, Bronx, NY | C37: net | D37: 46197 | E37: 0.39236111 | F37: 0.41666667 | G37: field assistant Xiaonan with me.
A38: Hornaday | B38: {=xlookup(A38,addresses!A:A,addresses!B:B, "n/a")} -> 851 Hornaday Pl, Bronx, NY | C38: net | D38: 46197 | E38: 0.43402778 | F38: 0.45972222
A39: Krystal | B39: {=xlookup(A39,addresses!A:A,addresses!B:B, "n/a")} -> 2093 Vyse Ave, Bronx, NY | C39: net | D39: 46197 | E39: 0.49305556 | F39: 0.52083333 | G39: backup plan after Drew gate was locked.
A40: River | B40: {=xlookup(A40,addresses!A:A,addresses!B:B, "n/a")} -> 1086 E 180th St, Bronx, NY | C40: net | D40: 46197 | E40: 0.54236111 | F40: 0.56666667
A41: Hornaday | B41: {=xlookup(A41,addresses!A:A,addresses!B:B, "n/a")} -> 851 Hornaday Pl, Bronx, NY | C41: net | D41: 46197 | E41: 0.59027778 | F41: 0.61111111
A42: Krystal | B42: {=xlookup(A42,addresses!A:A,addresses!B:B, "n/a")} -> 2093 Vyse Ave, Bronx, NY | C42: net | D42: 46197 | E42: 0.61666667 | F42: 0.64444444 | G42: spoke with Fordham alum Angelica
A43: Batey | B43: {=xlookup(A43,addresses!A:A,addresses!B:B, "n/a")} -> 504 E 178th St, Bronx, NY | C43: net | D43: 46198 | E43: 0.34375 | F43: 0.36875
A44: Oasis | B44: {=xlookup(A44,addresses!A:A,addresses!B:B, "n/a")} -> 1981 Lafontaine Ave, Bronx, NY | C44: net | D44: 46198 | E44: 0.37152778 | F44: 0.39722222
A45: Happiness | B45: {=xlookup(A45,addresses!A:A,addresses!B:B, "n/a")} -> 2160 Prospect Avenue | C45: net | D45: 46198 | E45: 0.40972222 | F45: 0.43402778
A46: Batey | B46: {=xlookup(A46,addresses!A:A,addresses!B:B, "n/a")} -> 504 E 178th St, Bronx, NY | C46: net | D46: 46198 | E46: 0.49305556 | F46: 0.51875
A47: Oasis | B47: {=xlookup(A47,addresses!A:A,addresses!B:B, "n/a")} -> 1981 Lafontaine Ave, Bronx, NY | C47: net | D47: 46198 | E47: 0.53819444 | F47: 0.5625
A48: Happiness | B48: {=xlookup(A48,addresses!A:A,addresses!B:B, "n/a")} -> 2160 Prospect Avenue | C48: net | D48: 46198 | E48: 0.57291667 | F48: 0.59722222
A49: Clayton | B49: {=xlookup(A49,addresses!A:A,addresses!B:B, "n/a")} -> 303 W 126th St, New York, NY | C49: bowl | D49: 46201 | E49: 0.44444444 | F49: 0.44444444
A50: West123 | B50: {=xlookup(A50,addresses!A:A,addresses!B:B, "n/a")} -> 116 W 123rd St, New York, NY | C50: bowl | D50: 46201 | E50: 0.46041667 | F50: 0.46180556
A51: Gallo | B51: {=xlookup(A51,addresses!A:A,addresses!B:B, "n/a")} -> 1891 Lexington Ave, New York, NY | C51: bowl | D51: 46201 | E51: 0.47916667 | F51: 0.47986111
A52: Lydia | B52: {=xlookup(A52,addresses!A:A,addresses!B:B, "n/a")} -> 1665 Park Ave, New York, NY | C52: bowl | D52: 46201 | E52: 0.48958333 | F52: 0.49166667 | G52: spoke with Jessie
A53: Peaceful | B53: {=xlookup(A53,addresses!A:A,addresses!B:B, "n/a")} -> 52 E 117th St, New York, NY | C53: bowl | D53: 46201 | E53: 0.50138889 | F53: 0.5 | G53: spoke with Philip
A54: ELG | B54: {=xlookup(A54,addresses!A:A,addresses!B:B, "n/a")} -> 237 W 111th St, New York, NY | C54: bowl | D54: 46201 | E54: 0.52430556 | F54: 0.52430556
A55: Luigi | B55: {=xlookup(A55,addresses!A:A,addresses!B:B, "n/a")} -> 227 W 115th St, New York, NY | C55: bowl | D55: 46201 | E55: 0.53958333 | F55: 0.53611111
A56: Carrie | B56: {=xlookup(A56,addresses!A:A,addresses!B:B, "n/a")} -> 145 St. Nicholas Ave, New York, NY | C56: bowl | D56: 46201 | E56: 0.55555556 | F56: 0.42708333 | G56: collected 2 days after, not the next day (Due to scheduling). Complained about raccoons eating their crops
A57: Drew | B57: {=xlookup(A57,addresses!A:A,addresses!B:B, "n/a")} -> 1070 E Tremont Ave, Bronx, NY | C57: bowl | D57: 46201 | E57: 0.59513889 | F57: 0.59166667 | G57: told story of trespasser, GreenThumb woes. Why the lock was changed
A58: River | B58: {=xlookup(A58,addresses!A:A,addresses!B:B, "n/a")} -> 1086 E 180th St, Bronx, NY | C58: bowl | D58: 46201 | E58: 0.62291667 | F58: 0.61041667
A59: Krystal | B59: {=xlookup(A59,addresses!A:A,addresses!B:B, "n/a")} -> 2093 Vyse Ave, Bronx, NY | C59: bowl | D59: 46201 | E59: 0.63819444 | F59: 0.62986111 | G59: shed robbed
A60: Hornaday | B60: {=xlookup(A60,addresses!A:A,addresses!B:B, "n/a")} -> 851 Hornaday Pl, Bronx, NY | C60: bowl | D60: 46201 | E60: 0.65138889 | F60: 0.64375
A61: Happiness | B61: {=xlookup(A61,addresses!A:A,addresses!B:B, "n/a")} -> 2160 Prospect Avenue | C61: bowl | D61: 46201 | E61: 0.66805556 | F61: 0.65763889
A62: Oasis | B62: {=xlookup(A62,addresses!A:A,addresses!B:B, "n/a")} -> 1981 Lafontaine Ave, Bronx, NY | C62: bowl | D62: 46201 | E62: 0.69097222 | F62: 0.67847222 | G62: having BBQ, new guineafowl
A63: Batey | B63: {=xlookup(A63,addresses!A:A,addresses!B:B, "n/a")} -> 504 E 178th St, Bronx, NY | C63: bowl | D63: 46201 | E63: 0.7 | F63: 0.68888889
A64: West123 | B64: {=xlookup(A64,addresses!A:A,addresses!B:B, "n/a")} -> 116 W 123rd St, New York, NY | C64: net | D64: 46203 | E64: 0.39236111 | F64: 0.41666667
A65: ELG | B65: {=xlookup(A65,addresses!A:A,addresses!B:B, "n/a")} -> 237 W 111th St, New York, NY | C65: net | D65: 46203 | E65: 0.43541667 | F65: 0.46041667
A66: Clayton | B66: {=xlookup(A66,addresses!A:A,addresses!B:B, "n/a")} -> 303 W 126th St, New York, NY | C66: net | D66: 46203 | E66: 0.47638889 | F66: 0.50138889 | G66: Marva present. Another member (name?) Kept giving me treats from the garden
A67: West123 | B67: {=xlookup(A67,addresses!A:A,addresses!B:B, "n/a")} -> 116 W 123rd St, New York, NY | C67: net | D67: 46203 | E67: 0.55902778 | F67: 0.58333333 | G67: spoke to Chloe and partner about greivances with garden management.
A68: ELG | B68: {=xlookup(A68,addresses!A:A,addresses!B:B, "n/a")} -> 237 W 111th St, New York, NY | C68: net | D68: 46203 | E68: 0.60763889 | F68: 0.63541667 | G68: WFUV reporters there to feature me. Also spoke to Lisi
A69: Clayton | B69: {=xlookup(A69,addresses!A:A,addresses!B:B, "n/a")} -> 303 W 126th St, New York, NY | C69: net | D69: 46203 | E69: 0.67708333 | F69: 0.69791667
A70: Luigi | B70: {=xlookup(A70,addresses!A:A,addresses!B:B, "n/a")} -> 227 W 115th St, New York, NY | C70: net | D70: 46211 | E70: 0.35833333 | F70: 0.38194444
A71: Peaceful | B71: {=xlookup(A71,addresses!A:A,addresses!B:B, "n/a")} -> 52 E 117th St, New York, NY | C71: net | D71: 46211 | E71: 0.39583333 | F71: 0.41736111 | G71: met Ginger, who opened the garden for open hours.
A72: Lydia | B72: {=xlookup(A72,addresses!A:A,addresses!B:B, "n/a")} -> 1665 Park Ave, New York, NY | C72: net | D72: 46211 | E72: 0.42152778 | F72: 0.44652778
A73: Gallo | B73: {=xlookup(A73,addresses!A:A,addresses!B:B, "n/a")} -> 1891 Lexington Ave, New York, NY | C73: net | D73: 46211 | E73: 0.45486111 | F73: 0.47916667 | G73: Met Helene and daughter Talia. Pet Garfield for the first time
A74: Peaceful | B74: {=xlookup(A74,addresses!A:A,addresses!B:B, "n/a")} -> 52 E 117th St, New York, NY | C74: net | D74: 46211 | E74: 0.51319444 | F74: 0.53819444 | G74: open hours. Some community members there
A75: Lydia | B75: {=xlookup(A75,addresses!A:A,addresses!B:B, "n/a")} -> 1665 Park Ave, New York, NY | C75: net | D75: 46211 | E75: 0.57291667 | F75: 0.6
A76: Gallo | B76: {=xlookup(A76,addresses!A:A,addresses!B:B, "n/a")} -> 1891 Lexington Ave, New York, NY | C76: net | D76: 46211 | E76: 0.60694444 | F76: 0.64861111
A77: Luigi | B77: {=xlookup(A77,addresses!A:A,addresses!B:B, "n/a")} -> 227 W 115th St, New York, NY | C77: net | D77: 46211 | E77: 0.64236111 | F77: 0.66666667
A78: Drew | B78: {=xlookup(A78,addresses!A:A,addresses!B:B, "n/a")} -> 1070 E Tremont Ave, Bronx, NY | C78: net | D78: 13340 | E78: 0.43055556 | F78: 0.45833333 | G78: met Ivette IRL for the first time.
A79: Drew | B79: {=xlookup(A79,addresses!A:A,addresses!B:B, "n/a")} -> 1070 E Tremont Ave, Bronx, NY | C79: net | D79: 46212 | E79: 0.56805556 | F79: 0.59027778 | G79: Cloudy. Looked like rain, but it never came
A80: BLF | B80: {=xlookup(A80,addresses!A:A,addresses!B:B, "n/a")} -> 2485 Belmont Ave, Bronx, NY | C80: net | D80: 46213 | E80: 0.34930556 | F80: 0.87430556
A81: BLF | B81: {=xlookup(A81,addresses!A:A,addresses!B:B, "n/a")} -> 2485 Belmont Ave, Bronx, NY | C81: net | D81: 46213
D999: 46161

Sheet specimens
A1: No. | B1: ID | C1: Status? | D1: Tube Size | E1: Box Row | F1: Box Col | G1: Temp ID | H1: Site | I1: Date Deployed | J1: Time Deployed | K1: Date Collected | L1: Time Collected | M1: # of Bees | N1: Method | O1: Plant | P1: Description | Q1: Status | R1: Notes
A2: 1 | B2: 5-19-26-DREW-NET-AM-1 | C2: pinned | D2: small | E2: A | F2: 1 | H2: Drew | I2: n/a | J2: n/a | K2: 46161 | L2: 0.39583333 | M2: 2 | N2: net | O2: Brassica sp.
A3: 2 | B3: 5-19-26-DREW-NET-AM-2 | C3: pinned | D3: small | E3: A | F3: 2 | H3: Drew | I3: n/a | J3: n/a | K3: 46161 | L3: 0.40625 | M3: 1 | N3: net | O3: Brassica sp.
A4: 3 | B4: 5-19-26-DREW-NET-AM-3 | C4: pinned | D4: small | E4: A | F4: 3 | H4: Drew | I4: n/a | J4: n/a | K4: 46161 | L4: 0.40972222 | M4: 2 | N4: net | O4: Brassica sp.
A5: 4 | B5: 5-19-26-RIVER-NET-AM-1 | C5: pinned | D5: small | E5: A | F5: 4 | H5: River | I5: n/a | J5: n/a | K5: 46161 | L5: 0.43611111 | M5: 2 | N5: net | O5: Brassica sp.
A6: 5 | B6: 5-19-26-RIVER-NET-AM-2 | C6: pinned | D6: small | E6: A | F6: 5 | H6: River | I6: n/a | J6: n/a | K6: 46161 | L6: 0.44027778 | M6: 2 | N6: net | O6: Brassica sp.
A7: 6 | B7: 5-19-26-RIVER-NET-AM-3 | C7: pinned | D7: small | E7: A | F7: 6 | H7: River | I7: n/a | J7: n/a | K7: 46161 | L7: 0.44861111 | M7: 1 | N7: net | O7: Brassica sp.
A8: 7 | B8: 5-19-26-HORN-NET-AM-1 | D8: large | E8: A | F8: 1 | H8: Hornaday | I8: n/a | J8: n/a | K8: 46161 | L8: 0.47569444 | M8: 1 | N8: net | O8: Iris sp. | R8: doesn't fit in the small box.
A9: 8 | B9: 5-19-26-HORN-NET-AM-2 | C9: pinned | D9: small | E9: A | F9: 7 | H9: Hornaday | I9: n/a | J9: n/a | K9: 46161 | L9: 0.4875 | M9: 2 | N9: net | O9: Nepata racemosa | P9: Apis and shiny little blue thing
A10: 9 | B10: 5-19-26-DREW-NET-PM-1 | C10: pinned | D10: small | E10: A | F10: 8 | H10: Drew | I10: n/a | J10: n/a | K10: 46161 | L10: 0.56388889 | M10: 2 | N10: net | O10: Allium schoenoprasum
A11: 10 | B11: 5-19-26-DREW-NET-PM-2 | C11: pinned | D11: small | E11: A | F11: 9 | H11: Drew | I11: n/a | J11: n/a | K11: 46161 | L11: 0.56944444 | M11: 1 | N11: net | O11: Brassica sp.
A12: 11 | B12: 5-19-26-RIVER-NET-PM-1 | C12: pinned | D12: small | E12: A | F12: 10 | H12: River | I12: n/a | J12: n/a | K12: 46161 | L12: 0.59444444 | M12: 1 | N12: net | O12: Ruta gravolens | P12: medium bee
A13: 12 | B13: 5-28-26-CLAYTON-BOWL-BEE | C13: pinned | D13: small | E13: A | F13: 11 | H13: Clayton | I13: 46170 | J13: 0.39236111 | K13: 46171 | L13: 0.42013889 | M13: 2 | N13: bowl | O13: n/a
A14: 13 | B14: 5-28-26-LUIGI-BOWL-BEE | C14: pinned | D14: small | E14: A | F14: 12 | H14: Luigi | I14: 46170 | J14: 0.42013889 | K14: 46171 | L14: 0.44097222 | M14: 1 | N14: bowl | O14: n/a
A15: 14 | B15: 5-28-26-ELG-BOWL-BEE | C15: pinned | D15: small | E15: B | F15: 1 | H15: ELG | I15: 46170 | J15: 0.44097222 | K15: 46171 | L15: 0.45694444 | M15: 11 | N15: bowl | O15: n/a
A16: 15 | B16: 5-28-26-LYDIA-BOWL-BEE | C16: pinned | D16: small | E16: B | F16: 2 | H16: Lydia | I16: 46170 | J16: 0.47222222 | K16: 46171 | L16: 0.49097222 | M16: 4 | N16: bowl | O16: n/a
A17: 16 | B17: 5-28-26-GALLO-BOWL-BEE | C17: pinned | D17: small | E17: B | F17: 3 | H17: Gallo | I17: 46170 | J17: 0.48263889 | K17: 46171 | L17: 0.5 | M17: 3 | N17: bowl | O17: n/a
A18: 17 | B18: 5-28-26-DREW-BOWL-BEE | C18: pinned | D18: small | E18: B | F18: 4 | H18: Drew | I18: 46170 | J18: 0.64444444 | K18: 46171 | L18: 0.55902778 | M18: 1 | N18: bowl | O18: n/a
A19: 18 | B19: 5-28-26-HORN-BOWL-BEE | C19: pinned | D19: small | E19: B | F19: 5 | H19: Hornaday | I19: 46170 | J19: 0.6875 | K19: 46171 | L19: 0.60416667 | M19: 1 | N19: bowl | O19: n/a
A20: 19 | B20: 5-28-26-HAPPY-BOWL-BEE | C20: pinned | D20: small | E20: B | F20: 6 | H20: Happiness | I20: 46170 | J20: 0.70486111 | K20: 46171 | L20: 0.62152778 | M20: 3 | N20: bowl | O20: n/a
A21: 20 | B21: 6-2-26-CLAYTON-NET-AM-1 | C21: pinned | E21: B | F21: 7 | H21: Clayton | I21: n/a | J21: n/a | K21: 46175 | L21: 0.375 | M21: 3 | N21: net | O21: Coriandrum sativum
A22: 21 | B22: 6-2-26-CLAYTON-NET-AM-2 | C22: pinned | E22: B | F22: 8 | H22: Clayton | I22: n/a | J22: n/a | K22: 46175 | M22: 1 | N22: net | O22: Centaurea cyanus
A23: 22 | B23: 6-2-26-CLAYTON-NET-AM-3 | E23: B | F23: 9 | H23: Clayton | I23: n/a | J23: n/a | K23: 46175 | M23: 5 | N23: net | O23: Coriandrum sativum
A24: 23 | B24: 6-2-26-CLAYTON-NET-AM-4 | E24: B | F24: 10 | H24: Clayton | I24: n/a | J24: n/a | K24: 46175 | M24: 2 | N24: net | O24: Coriandrum sativum
A25: 24 | B25: 6-2-26-LUIGI-NET-AM-1 | E25: B | F25: 11 | H25: Luigi | I25: n/a | J25: n/a | K25: 46175 | L25: 0.42152778 | M25: 1 | N25: net | O25: Rosa sp.
A26: 25 | B26: 6-2-26-ELG-AM-2 | E26: B | F26: 12 | H26: ELG | I26: n/a | J26: n/a | K26: 46175 | M26: 1 | N26: net | O26: Rubus occidentalis | P26: ELG-AM-1 skipped by mistake
A27: 26 | B27: 6-2-26-ELG-AM-3 | E27: C | F27: 1 | H27: ELG | I27: n/a | J27: n/a | K27: 46175 | M27: 2 | N27: net | O27: Brassica rapa
A28: 27 | B28: 6-2-26-ELG-AM-4 | E28: C | F28: 2 | H28: ELG | I28: n/a | J28: n/a | K28: 46175 | M28: 3 | N28: net | O28: Brassica sp.
A29: 28 | B29: 6-2-26-ELG-AM-5 | E29: C | F29: 3 | H29: ELG | I29: n/a | J29: n/a | K29: 46175 | M29: 2 | N29: net | O29: Allium giganteum
A30: 29 | B30: 6-2-26-ELG-AM-6 | E30: C | F30: 4 | H30: ELG | I30: n/a | J30: n/a | K30: 46175 | M30: 2 | N30: net | O30: Rubus occidentalis
A31: 30 | B31: 6-2-26-CLAYTON-NET-PM-1 | E31: C | F31: 5 | H31: Clayon | I31: n/a | J31: n/a | K31: 46175 | L31: 0.55555556 | M31: 2 | N31: net | O31: Centaurea cyanus
A32: 31 | B32: 6-2-26-CLAYTON-NET-PM-2 | E32: C | F32: 6 | H32: Clayon | I32: n/a | J32: n/a | K32: 46175 | M32: 3 | N32: net | O32: Hydrangea arborescens
A33: 32 | B33: 6-2-26-CLAYTON-NET-PM-3 | E33: C | F33: 7 | H33: Clayton | I33: n/a | J33: n/a | K33: 46175 | M33: 5 | N33: net | O33: Coriandrum sativum
A34: 33 | B34: 6-2-26-CLAYTON-NET-PM-4 | E34: C | F34: 8 | H34: Clayton | I34: n/a | J34: n/a | K34: 46175 | M34: 2 | N34: net | O34: Thymus sp.
A35: 34 | B35: 6-2-26-CLAYTON-NET-PM-5 | E35: C | F35: 9 | H35: Clayton | I35: n/a | J35: n/a | K35: 46175 | M35: 1 | N35: net | O35: Solanum dulcamara
A36: 35 | B36: 6-2-26-LUIGI-NET-PM-1 | E36: C | F36: 10 | H36: Luigi | I36: n/a | J36: n/a | K36: 46175 | L36: 0.60416667 | M36: 1 | N36: net | O36: Rosa sp.
A37: 36 | B37: 6-2-26-LUIGI-NET-PM-2 | E37: C | F37: 11 | H37: Luigi | I37: n/a | J37: n/a | K37: 46175 | L37: 0.60416667 | M37: 1 | N37: net | O37: Chenopodium album | P37: on leaf. Plant not flowering
A38: 37 | B38: 6-2-26-LUIGI-NET-PM-3 | E38: C | F38: 12 | H38: Luigi | I38: n/a | J38: n/a | K38: 46175 | L38: 0.60416667 | M38: 1 | N38: net | O38: Cucumis sativus | P38: on leaf. Plant not flowering
A39: 38 | B39: 6-2-26-ELG-NET-PM-1 | E39: D | F39: 1 | H39: ELG | I39: n/a | J39: n/a | K39: 46175 | L39: 0.63819444 | M39: 2 | N39: net | O39: Rubus occidentalis
A40: 39 | B40: 6-2-26-ELG-NET-PM-2 | E40: D | F40: 2 | H40: ELG | I40: n/a | J40: n/a | K40: 46175 | M40: 2 | N40: net | O40: Brassica rapa
A41: 40 | B41: 6-2-26-ELG-NET-PM-3 | E41: D | F41: 3 | H41: ELG | I41: n/a | J41: n/a | K41: 46175 | M41: 1 | N41: net | O41: Salvia officinalis
A42: 41 | B42: 6-2-26-ELG-NET-PM-4 | E42: D | F42: 4 | H42: ELG | I42: n/a | J42: n/a | K42: 46175 | M42: 1 | N42: net | O42: Rubus occidentalis
A43: 42 | B43: 6-4-26-HAPPY-NET-AM-1 | E43: D | F43: 5 | H43: Happiness | I43: n/a | J43: n/a | K43: 46177 | M43: 1 | N43: net | O43: Trifolium repens
A44: 43 | B44: 6-4-26-HAPPY-NET-AM-2 | E44: D | F44: 6 | H44: Happiness | I44: n/a | J44: n/a | K44: 46177 | M44: 2 | N44: net | O44: Taraxacum officinale
A45: 44 | B45: 6-4-26-HAPPY-NET-AM-3 | E45: D | F45: 7 | H45: Happiness | I45: n/a | J45: n/a | K45: 46177 | M45: 1 | N45: net | O45: Coriandrum sativum
A46: 45 | B46: 6-4-26-BLF-NET-AM-1 | E46: D | F46: 8 | H46: BLF | I46: n/a | J46: n/a | K46: 46177 | L46: 0.4125 | M46: 1 | N46: net | O46: Flower P
A47: 46 | B47: 6-4-26-BLF-NET-AM-2 | E47: D | F47: 9 | H47: BLF | I47: n/a | J47: n/a | K47: 46177 | M47: 4 | N47: net | O47: Rubus sp.
A48: 47 | B48: 6-4-26-BLF-NET-AM-3 | E48: D | F48: 10 | H48: BLF | I48: n/a | J48: n/a | K48: 46177 | M48: 3 | N48: net | O48: Rosa sp. (orange)
A49: 48 | B49: 6-4-26-BLF-NET-AM-4 | E49: D | F49: 11 | H49: BLF | I49: n/a | J49: n/a | K49: 46177 | M49: 4 | N49: net | O49: Rubus sp.
A50: 49 | B50: 6-4-26-OASIS-NET-AM-1 | E50: D | F50: 12 | H50: Oasis | I50: n/a | J50: n/a | K50: 46177 | L50: 0.45625 | M50: 1 | N50: net | O50: Trifolium repens
A51: 50 | B51: 6-4-26-OASIS-NET-AM-2 | E51: E | F51: 1 | H51: Oasis | I51: n/a | J51: n/a | K51: 46177 | M51: 1 | N51: net | O51: Erigeron sp. (sp C)
A52: 51 | B52: 6-4-26-OASIS-NET-AM-3 | E52: E | F52: 2 | H52: Oasis | I52: n/a | J52: n/a | K52: 46177 | M52: 2 | N52: net | O52: Rosa sp. (pink)
A53: 52 | B53: 6-4-26-OASIS-NET-AM-4 | E53: E | F53: 3 | H53: Oasis | I53: n/a | J53: n/a | K53: 46177 | M53: 1 | N53: net | O53: Cornus kousa
A54: 53 | B54: 6-4-26-HAPPY-NET-PM-1 | E54: E | F54: 4 | H54: Happiness | I54: n/a | J54: n/a | K54: 46177 | L54: 0.51805556 | M54: 4 | N54: net | O54: Coriandrum sativum | P54: I got stung here! Barely hurt
A55: 54 | B55: 6-4-26-HAPPY-NET-PM-2 | E55: E | F55: 5 | H55: Happiness | I55: n/a | J55: n/a | K55: 46177 | M55: 3 | N55: net | O55: Rubus sp.
A56: 55 | B56: 6-4-26-HAPPY-NET-PM-3 | E56: E | F56: 6 | H56: Happiness | I56: n/a | J56: n/a | K56: 46177 | M56: 4 | N56: net | O56: Trifolium repens
A57: 56 | B57: 6-4-26-HAPPY-NET-PM-4 | E57: E | F57: 7 | H57: Happiness | I57: n/a | J57: n/a | K57: 46177 | M57: 1 | N57: net | O57: Coriandrum sativum | P57: red
A58: 57 | B58: 6-4-26-BLF-NET-PM-1 | E58: E | F58: 8 | H58: BLF | I58: n/a | J58: n/a | K58: 46177 | L58: 0.55972222 | M58: 1 | N58: net | O58: Rosa sp. (orange)
A59: 58 | B59: 6-4-26-BLF-NET-PM-2 | E59: E | F59: 9 | H59: BLF | I59: n/a | J59: n/a | K59: 46177 | M59: 7 | N59: net | O59: Rubus sp.
A60: 59 | B60: 6-4-26-OASIS-NET-PM-1 | E60: E | F60: 10 | H60: Oasis | I60: n/a | J60: n/a | K60: 46177 | L60: 0.61111111 | M60: 2 | N60: net | O60: Erigeron sp. (sp C)
A61: 60 | B61: 6-8-26-GALLO-NET-AM-1 | E61: E | F61: 11 | H61: Gallo | I61: n/a | J61: n/a | K61: 46181 | L61: 0.39236111 | M61: 2 | N61: net | O61: foxglove beardtongue
A62: 61 | B62: 6-8-26-GALLO-NET-AM-2 | E62: E | F62: 12 | H62: Gallo | I62: n/a | J62: n/a | K62: 46181 | M62: 2 | N62: net | O62: mophead hydrangea
A63: 62 | B63: 6-8-26-PEACEFUL-NET-AM-1 | E63: F | F63: 1 | H63: Peaceful | I63: n/a | J63: n/a | K63: 46181 | L63: 0.42291667 | M63: 1 | N63: net | O63: Rosa sp. (yellow)
A64: 63 | B64: 6-8-26-PEACEFUL-NET-AM-2 | E64: F | F64: 2 | H64: Peaceful | I64: n/a | J64: n/a | K64: 46181 | M64: 1 | N64: net | O64: Rosa sp. (pink) | P64: bombus
A65: 64 | B65: 6-8-26-LYDIA-NET-AM-1 | E65: F | F65: 3 | H65: Lydia | I65: n/a | J65: n/a | K65: 46181 | L65: 0.45277778 | M65: 5 | N65: net | O65: cilantro
A66: 65 | B66: 6-8-26-LYDIA-NET-AM-2 | E66: F | F66: 4 | H66: Lydia | I66: n/a | J66: n/a | K66: 46181 | M66: 1 | N66: net | O66: five-blade motherwort | P66: big and interesting
A67: 66 | B67: 6-8-26-LYDIA-NET-AM-3 | E67: F | F67: 5 | H67: Lydia | I67: n/a | J67: n/a | K67: 46181 | M67: 2 | N67: net | O67: rubus allegheniensis
A68: 67 | B68: 6-8-26-GALLO-NET-PM-1 | E68: F | F68: 6 | H68: Gallo | I68: n/a | J68: n/a | K68: 46181 | L68: 0.52430556 | M68: 1 | N68: net | O68: Rosa sp. (white) | P68: leafcutter- saw with leaf?
A69: 68 | B69: 6-8-26-GALLO-NET-PM-2 | E69: F | F69: 7 | H69: Gallo | I69: n/a | J69: n/a | K69: 46181 | M69: 2 | N69: net | O69: foxglove beardtongue
A70: 69 | B70: 6-8-26-GALLO-NET-PM-3 | E70: F | F70: 8 | H70: Gallo | I70: n/a | J70: n/a | K70: 46181 | M70: 1 | N70: net | O70: Rosa sp. (white)
A71: 70 | B71: 6-8-26-LYDIA-NET-PM-1 | E71: F | F71: 9 | H71: Lydia | I71: n/a | J71: n/a | K71: 46181 | L71: 0.58888889 | M71: 3 | N71: net | O71: rubus allegheniensis
A72: 71 | B72: 6-8-26-LYDIA-NET-PM-2 | E72: F | F72: 10 | H72: Lydia | I72: n/a | J72: n/a | K72: 46181 | M72: 2 | N72: net | O72: cilantro
A73: 72 | B73: 6-8-26-LYDIA-NET-PM-3 | E73: F | F73: 11 | H73: Lydia | I73: n/a | J73: n/a | K73: 46181 | M73: 3 | N73: net | O73: wild radish
A74: 73 | B74: 6-8-26-LYDIA-NET-PM-4 | E74: F | F74: 12 | H74: Lydia | I74: n/a | J74: n/a | K74: 46181 | M74: 1 | N74: net | O74: rubus allegheniensis
B75: 6-24-26-RIVER-NET-AM-1 | G75: A | H75: River | K75: 46197 | L75: 0.39236111 | M75: 1 | N75: net | O75: common yarrow
B76: 6-24-26-RIVER-NET-AM-2 | G76: B | H76: River | K76: 46197 | M76: 1 | N76: net | O76: erigeron sp.
B77: 6-24-26-RIVER-NET-AM-3 | G77: C | H77: River | K77: 46197 | M77: 1 | N77: net | O77: common lavendar
B78: 6-24-26-RIVER-NET-AM-4 | G78: D | H78: River | K78: 46197 | M78: 1 | N78: net | O78: common lavendar
B79: 6-24-26-RIVER-NET-AM-5 | G79: E | H79: River | K79: 46197 | M79: 1 | N79: net | O79: dense blazing star
B80: 6-24-26-RIVER-NET-AM-6 | G80: F | H80: River | K80: 46197 | M80: 2 | N80: net | O80: Coriandrum sativum
B81: 6-24-26-HORN-NET-AM-1 | G81: G | H81: Hornaday | K81: 46197 | L81: 0.43402778 | M81: 1 | N81: net | O81: cornflower
B82: 6-24-26-HORN-NET-AM-2 | G82: H | H82: Hornaday | K82: 46197 | M82: 1 | N82: net | O82: catnip
B83: 6-24-26-HORN-NET-AM-3 | G83: I | H83: Hornaday | K83: 46197 | M83: 3 | N83: net | O83: catnip
B84: 6-24-26-KRYS-NET-AM-1 | G84: J | H84: Krystal | K84: 46197 | L84: 0.49305556 | M84: 1 | N84: net | O84: n/a | P84: outer wall of greenhouse
B85: 6-24-26-KRYS-NET-AM-2 | G85: K | H85: Krystal | K85: 46197 | M85: 1 | N85: net | O85: purple coneflower
B86: 6-24-26-KRYS-NET-AM-3 | G86: L | H86: Krystal | K86: 46197 | M86: 2 | N86: net | O86: carrot family
B87: 6-24-26-KRYS-NET-AM-4 | G87: M | H87: Krystal | K87: 46197 | M87: 1 | N87: net | O87: white avens
B88: 6-24-26-KRYS-NET-AM-5 | G88: N | H88: Krystal | K88: 46197 | M88: 1 | N88: net | O88: tomato
B89: 6-24-26-RIVER-NET-PM-1 | G89: O | H89: River | K89: 46197 | L89: 0.54166667 | M89: 2 | O89: erigeron sp.
B90: 6-24-26-RIVER-NET-PM-2 | G90: P | H90: River | K90: 46197 | M90: 2 | O90: common yarrow
B91: 6-24-26-RIVER-NET-PM-3 | G91: Q | H91: River | K91: 46197 | M91: 2 | O91: common lavendar
B92: 6-24-26-RIVER-NET-PM-4 | G92: R | H92: River | K92: 46197 | M92: 1 | O92: dense blazing star
B93: 6-24-26-RIVER-NET-PM-5 | G93: S | H93: River | K93: 46197 | M93: 7 | O93: Coriandrum sativum
B94: 6-24-26-RIVER-NET-PM-6 | G94: T | H94: River | K94: 46197 | M94: 2 | O94: common yarrow
B95: 6-24-26-HORN-NET-PM-1 | G95: U | H95: Hornaday | K95: 46197 | L95: 0.59027778 | M95: 1 | O95: catmint | P95: bombus
B96: 6-24-26-HORN-NET-PM-2 | G96: V | H96: Hornaday | K96: 46197 | M96: 1 | O96: yellow cosmos
B97: 6-24-26-HORN-NET-PM-3 | G97: W | H97: Hornaday | K97: 46197 | M97: 1 | O97: catmint | P97: b. griseocolis?
B98: 6-24-26-KRYS-NET-PM-1 | G98: X | H98: Krystal | K98: 46197 | L98: 0.61666667 | M98: 1 | O98: erigeron sp.
B99: 6-24-26-KRYS-NET-PM-2 | G99: Y | H99: Krystal | K99: 46197 | M99: 4 | O99: lily sp.
B100: 6-24-26-KRYS-NET-PM-3 | G100: Z | H100: Krystal | K100: 46197 | M100: 1 | O100: tomato
...

Sheet observations
A1: Site | B1: Date | C1: Time | D1: Species | E1: Quantity | F1: Plant | G1: Notes
A2: River | B2: 46160 | C2: 0.42152778 | D2: Xylocopa virginica | E2: 1 | F2: n/a | G2: around gazebo
A3: River | B3: 46160 | C3: 0.42152778 | D3: Apis Melifera | E3: 4 | F3: Brassica rapa
A4: Hornaday | B4: 46160 | C4: 0.46805556 | D4: Xylocopa virginica | E4: 4 | F4: n/a | G4: around shack
A5: Luigi | B5: 46175 | C5: 0.42152778 | D5: Xylocopa virginica | E5: 1 | F5: n/a | G5: around gazebo
A6: Clayton | C6: 0.55555556 | D6: Xylocopa virginica | E6: 2 | F6: n/a
D7: Xylocopa virginica | E7: 1 | F7: Ligustrum ovalifolium
D8: Apis Melifera | E8: 2 | F8: n/a
D9: Apis Melifera | E9: 2 | F9: Centaurea cyanus
A10: Happiness | B10: 46177 | C10: 0.35833333 | D10: Xylocopa virginica | E10: 2 | F10: n/a | G10: one shed
D11: Apis Melifera | E11: 1 | F11: Trifolium repens
D12: Apis Melifera | E12: 1 | F12: Taraxacum officinale
A13: BLF | B13: 46177 | C13: 0.4125 | D13: Apis Melifera | E13: 8 | F13: n/a | G13: in wheelbarrow filled with dirt. Can their hive be in dirt?
D14: Xylocopa virginica | E14: 1 | F14: Rosa sp. (pink)
A15: Oasis | B15: 46177 | C15: 0.45625 | D15: Xylocopa virginica | E15: 6 | F15: n/a | G15: gazebo
A16: Happiness | B16: 46177 | C16: 0.51805556 | D16: Apis Melifera | E16: 1 | F16: Rubus sp.
D17: Apis Melifera | E17: 1 | F17: Trifolium repens
A18: BLF | B18: 46177 | C18: 0.55972222 | D18: Apis Melifera | E18: 3 | F18: Rubus sp.
D19: Apis Melifera | E19: 1 | F19: Rosa sp. (white
A20: Oasis | B20: 46177 | C20: 0.61111111 | D20: Xylocopa virginica | E20: 5 | F20: n/a | G20: gazebo
D21: Apis Melifera | E21: 1 | F21: Rosa sp. (pink)
A22: Lydia | B22: 46181 | C22: 0.45277778 | D22: Apis Melifera | E22: 1 | F22: rubus allegheniensis
D23: Xylocopa virginica | E23: 1 | F23: rubus allegheniensis
A24: Lydia | B24: 46181 | C24: 0.58888889 | D24: Apis Melifera | E24: 1 | F24: rubus allegheniensis
A25: River | B25: 46197 | C25: 0.39236111 | D25: Xylocopa virginica | E25: 4 | F25: n/a
D26: Apis Melifera | E26: 1 | F26: red clover
D27: Apis Melifera | E27: 3 | F27: common lavender
D28: Xylocopa virginica | E28: 1 | F28: brassica sp.
D29: Apis Melifera | E29: 2 | F29: coriander
A30: Krystal | B30: 46197 | C30: 0.49305556 | D30: Apis Melifera | E30: 1 | F30: mophead hydrangea
A31: River | B31: 46197 | C31: 0.54166667 | D31: Bombus griseocolis | E31: 1 | F31: common lavender
D32: Bombus fervidus | E32: 1 | F32: common lavender
D33: Bombus griseocolis | E33: 1 | F33: dense blazing star
A34: Hornaday | B34: 46197 | C34: 0.59027778 | D34: Apis Melifera | E34: 1 | F34: tomato
A35: Krystal | B35: 46197 | C35: 0.61666667 | D35: Apis Melifera | E35: 1 | F35: n/a | G35: on my water bottle
A36: Batey | B36: 46198 | C36: 0.34375 | D36: Apis melifera | E36: 1 | F36: white clover
A37: Oasis | B37: 46198 | C37: 0.37152778 | D37: Apis melifera | E37: 1 | F37: hosta sp. (scented hosta?)
D38: Apis melifera | E38: 1 | F38: tomatillo
D39: Apis melifera | E39: 1 | F39: brassica sp.
D40: Xylocopa virginica | E40: 2 | F40: n/a | G40: gazebo
A41: Happiness | B41: 46198 | C41: 0.40972222 | D41: Apis melifera | E41: 1 | F41: white clover
D42: Apis melifera | E42: 1 | F42: tomatillo
A43: Oasis | B43: 46198 | C43: 0.53819444 | D43: Apis melifera | E43: 6 | F43: white clover
A44: Happiness | B44: 46198 | C44: 0.57291667 | D44: Bombus griseocolis | E44: 1 | F44: giant onion
D45: Bombus griseocolis | E45: 1 | F45: tomato
D46: Apis melifera | E46: 3 | F46: white clover
A47: West123 | B47: 46203 | C47: 0.39236111 | D47: Apis melifera | E47: 1 | F47: borage
D48: Apis melifera | E48: 1 | F48: white clover
D49: Bombus impatiens | E49: 2 | F49: purple coneflower
A50: ELG | B50: 46203 | C50: 0.43541667 | D50: Apis melifera | E50: 1 | F50: brassica sp.
D51: impatiens | E51: 1 | F51: tomato
D52: griseocolis | E52: 3 | F52: purple coneflower
D53: fervidus | E53: 2 | F53: scarlet beebalm
A54: Clayton | B54: 46203 | C54: 0.47638889 | D54: griseocolis | E54: 1 | F54: common sunflower
A55: West123 | B55: 46203 | C55: 0.55902778 | D55: Apis melifera | E55: 1 | F55: white clover
A56: ELG | B56: 46203 | C56: 0.60763889 | D56: impatiens | E56: 1 | F56: tomato
D57: griseocolis | E57: 3 | F57: wild bergamot
D58: fervidus | E58: 1 | F58: scarlet beebalm
D59: griseocolis | E59: 1 | F59: swamp milkweed
D60: Apis melifera | E60: 1 | F60: n/a | G60: flying
A61: Clayton | B61: 46203 | C61: 0.67708333 | D61: Apis melifera | E61: 1 | F61: garden parsley
D62: impatiens | E62: 1 | F62: tomatillo
D63: Apis melifera | E63: 1 | F63: cornfower
D64: Impatiens | E64: 1 | F64: allium
A65: Peaceful | B65: 46211 | C65: 0.39583333 | D65: Apis melifera | E65: 1 | F65: rosa sp.
A66: Lydia | B66: 46211 | C66: 0.42152778 | D66: griseocolis | E66: 2 | F66: common lavender
D67: Xylocopa virginica | E67: 1 | F67: fall flox
D68: Impatiens | E68: 1 | F68: common lavender
A69: Gallo | B69: 46211 | C69: 0.45486111 | D69: Impatiens | E69: 1 | F69: tomato
A70: Peaceful | B70: 46211 | C70: 0.51319444 | D70: Impatiens | E70: 1 | F70: rosa sp.
A71: Lydia | B71: 46211 | C71: 0.57291667 | D71: Xylocopa virginica | E71: 1 | F71: n/a
D72: xylocopa virginica | E72: 1 | F72: common lavender
D73: griseocolis | E73: 2 | F73: common lavender
D74: Impatiens | E74: 1 | F74: anise hyssop
A75: Drew | B75: 46212 | C75: 0.43055556 | D75: griseocolis | E75: 4 | F75: spearmint
D76: Impatiens | E76: 1 | F76: spearmint
D77: Impatiens | E77: 1 | F77: oregano
D78: Apis melifera | E78: 1 | F78: spearmint
D79: Impatiens | E79: 1 | F79: purple coneflower
D80: griseocolis | E80: 4 | F80: lemon bee balm
A81: Drew | B81: 46212 | C81: 0.56805556 | D81: Impatiens | E81: 2 | F81: spearmint
D82: griseocolis | E82: 3 | F82: spearmint
D83: Impatiens | E83: 1 | F83: oregano
D84: griseocolis | E84: 2 | F84: purple coneflower
D85: Impatiens | E85: 1 | F85: purple coneflower
D86: griseocolis | E86: 3 | F86: lemon bee balm
D87: Impatiens | E87: 1 | F87: lemon bee balm
A88: BLF | B88: 46213 | C88: 0.34930556 | D88: Apis melifera | E88: 1 | F88: chicory
D89: Impatiens | E89: 2 | F89: chicory
D90: Impatiens | E90: 1 | F90: tomato
D91: Impatiens | E91: 1 | F91: tomatillo
D92: Apis melifera | E92: 1 | F92: crape myrtle
A93: BLF | B93: 46213 | C93: 0.52083333 | D93: Impatiens | E93: 5 | F93: tomatillo
D94: apis melifera | E94: 1 | F94: dense blazing star

Sheet flowers
A1: Garden | B1: Date | C1: Label | D1: Scientific Name | E1: Common Name | F1: Square Area (m2) | G1: height (m) | H1: Description | I1: Notes | J1: iNat
A2: Drew Gardens | B2: 46161 | C2: A | D2: Brassica sp. | F2: 1.895 | J2: https://www.inaturalist.org/observations/363392961
C3: B | D3: Fragaria vesca | E3: wild strawberry | F3: 0.125 | J3: https://www.inaturalist.org/observations/363392737
C4: C | D4: Erigeron sp. | E4: Fleabane genus | F4: 0.045 | J4: https://www.inaturalist.org/observations/363392766
C5: D | D5: Allium schoenoprasum | E5: chives | F5: 0.3675 | J5: https://www.inaturalist.org/observations/363393967
C6: E | D6: Rosa sp. | E6: Rose genus | F6: 3.36 | J6: https://www.inaturalist.org/observations/363392798
C7: F | D7: Lonicera sp. | E7: Honeysuckle genus | F7: 0.4 | J7: https://www.inaturalist.org/observations/363392826
C8: G | E8: ?? | F8: 0.115 | J8: https://www.inaturalist.org/observations/363392854
A9: Hornaday Garden | B9: 46161 | C9: A | D9: Rosa sp. | E9: rose | F9: 0.7 | H9: bright pink, rose-like | J9: https://www.inaturalist.org/observations/363392570
C10: B | D10: Oxalis sp. | F10: > 1 | J10: https://www.inaturalist.org/observations/363392591
C11: C | D11: Aegopodium podagraria | E11: goutweed | F11: > 1 | J11: https://www.inaturalist.org/observations/363392591
C12: D | D12: Nepata racemosa | E12: eastern cat-mint | F12: 0.8
C13: E | D13: Begonia sp. | F13: 0.25 | J13: https://www.inaturalist.org/observations/363392630
C14: F | D14: Iris sp. | F14: 1.62 | J14: https://www.inaturalist.org/observations/363392675
A15: River | B15: 46161 | C15: A | D15: Lonicera sempervirens | E15: coral honeysuckle | F15: 1.8
C16: B | D16: Brassica sp. | E16: brassica | F16: 1.19 | J16: https://www.inaturalist.org/observations/363392961
C17: C | D17: Trifolium pratense | E17: red clover | F17: 2.1383 | J17: https://www.inaturalist.org/observations/363392940
C18: D | D18: Salvia sp. | E18: sage | F18: 2.7039 | J18: https://www.inaturalist.org/observations/363392988
C19: E | D19: Thymus sp. | E19: thyme | F19: 1.1928 | J19: https://www.inaturalist.org/observations/363393012
C20: F | D20: Coriandrum sativum | E20: cilantro | F20: 2.0565 | J20: https://www.inaturalist.org/observations/363392907
C21: G | D21: Erigeron annus | E21: Annual fleabane | F21: 0.0891
C22: H | D22: Ruta gravolens | E22: rue | F22: 0.48 | J22: https://www.inaturalist.org/observations/363392877
C23: I | D23: Rose sp. | E23: rose | F23: 4.32 | H23: pink rose | J23: https://www.inaturalist.org/observations/363393076
C24: J | D24: Rose sp. | E24: ? | F24: 2.25 | H24: orange rose | J24: https://www.inaturalist.org/observations/367433283
C25: K | D25: Anthemis arvensis | E25: Corn Chamomile | F25: 0.9025 | H25: a daisy? | J25: https://www.inaturalist.org/observations/363393114
C26: L | D26: Allium schoenoprasum | E26: chives | F26: 0.06
C27: M | D27: Rosa sp. | E27: rose | F27: 0.025 | H27: red rose | J27: https://www.inaturalist.org/observations/363393169
C28: N | D28: Dianthus barbatus | E28: Sweet William | F28: 0.2205 | J28: https://www.inaturalist.org/observations/363393145
C29: O | D29: Centaurea cyanus | E29: Cornflower | F29: 0.3478 | J29: https://www.inaturalist.org/observations/363393037
A30: ELG | B30: 46175 | C30: A | D30: Rubus occidentalis | E30: black raspberry | F30: =1.3*8 -> 10.4
C31: B | D31: Tagetes erecta | E31: Mexican marigold | F31: =0.1*0.1*35 -> 0.35 | J31: https://www.inaturalist.org/observations/367850694
C32: C | D32: Brassica rapa | E32: field mustard | F32: =0.35*0.65 -> 0.2275 | J32: https://www.inaturalist.org/observations/367850643
C33: D | D33: Allium giganteum | E33: giant allium | F33: =0.25*0.25 -> 0.0625
C34: E | D34: Rosa sp. | F34: =1.5*1.4+4 -> 6.1
C35: F | D35: Impatiens walleriana | E35: Busy Lizzie | F35: =0.1*0.1*22 -> 0.22 | J35: https://www.inaturalist.org/observations/367850500
C36: G | D36: Antirrhinum majus | E36: snapdragon | F36: =0.25*0.25*2 -> 0.125 | J36: https://www.inaturalist.org/observations/367850541
C37: H | D37: Brassica sp. | F37: =0.7*0.3 -> 0.21 | J37: https://www.inaturalist.org/observations/367850776
C38: I | D38: Salvia officinalis | E38: garden sage | F38: =1.1*0.5+0.1*0.2 -> 0.57 | J38: https://www.inaturalist.org/observations/367850824
C39: J | D39: Petunia integrifolia | E39: violetflower petunia | F39: =0.55*0.2 -> 0.11 | J39: https://www.inaturalist.org/observations/367850855
C40: K | D40: Allium schoenoprasum | E40: chives | F40: =0.25*0.25*2 -> 0.125 | J40: https://www.inaturalist.org/observations/367850907
C41: L | D41: Clematus sp. | F41: =0.6*0.65 -> 0.39 | H41: purple | J41: https://www.inaturalist.org/observations/367850939
C42: M | D42: Clematus sp. | F42: =0.25*0.25 -> 0.0625 | H42: pink | J42: https://www.inaturalist.org/observations/367850969
C43: N | D43: Hydrangea quercifolia | E43: oakleaf hydrangea | F43: 4 | J43: https://www.inaturalist.org/observations/367850990
C44: O | D44: Thymus sp. | E44: thyme | F44: =0.4*0.3 -> 0.12 | J44: https://www.inaturalist.org/observations/367851043
C45: P | D45: Hydrangea macrophila | E45: mophead hydrangea | F45: =0.1*0.6*0.3 -> 0.018 | J45: https://www.inaturalist.org/observations/367851077
C46: Q | D46: Aquilegia chrysantha | E46: golden columbine | F46: =2*1.6 -> 3.2
C47: R | D47: Lonicera sempervirens | E47: coral honeysuckle | F47: =3.66 -> 3.66
C48: S | D48: Rosa sp. | F48: 4 | H48: pink rose
A49: Clayon | B49: 46175 | C49: A | D49: Allium giganteum | E49: giant allium | F49: =0.13*0.13*6 -> 0.1014
C50: B | D50: Salvia officinalis | E50: garden sage | F50: =0.82*0.55 -> 0.451
C51: C | D51: avandula angustifolia | E51: common lavender | F51: =0.6*0.35 -> 0.21
C52: D | D52: Calendula officinalis | E52: pot marigold | F52: =0.1*0.1*6 -> 0.06
C53: E | D53: Coriandrum sativum | E53: cilantro | F53: =1.35*1.5 -> 2.025
C54: F | D54: Phacelia tanacetifolia | E54: lacy phacelia | F54: =0.7*0.8+0.45*0.35 -> 0.7175 | J54: https://www.inaturalist.org/observations/367851111
C55: G | D55: Eschscholzia californica | E55: california poppy | F55: =0.1*0.1 -> 0.01 | J55: https://www.inaturalist.org/observations/367851156
C56: H | D56: Allium schoenoprasum | E56: chives | F56: =0.2*0.1+ 0.4*0.3+0.4*0.3+0.4*0.3+0.4*0.3+0.46*0.15 -> 0.569
C57: I | D57: Brassica rapa | E57: field mustard | F57: =0.7*0.2 -> 0.14
C58: J | D58: Erigeron annus | E58: Annual fleabane | F58: =0.7*0.55 -> 0.385
C59: K | D59: Thymus sp. | E59: thyme | F59: =0.4*0.5*2 -> 0.4
C60: L | D60: Solanum dulcamara | E60: bittersweet nightshade | F60: =0.45*0.35 -> 0.1575 | J60: https://www.inaturalist.org/observations/367851224
C61: M | D61: Ligustrum ovalifolium | E61: garden privet | F61: =8*3 -> 24 | J61: https://www.inaturalist.org/observations/367851270
C62: N | D62: Erigeron philadelphicus | E62: Philadelphia fleabane | F62: =0.47*0.28 -> 0.1316
C63: O | D63: Veronia persica | E63: Bird's eye speedwell | F63: =0.6*0.7 -> 0.42 | J63: https://www.inaturalist.org/observations/367851341
C64: P | D64: Medicago lupulina | E64: black medick | F64: =0.7*0.6*2 -> 0.84 | J64: https://www.inaturalist.org/observations/367851391
C65: Q | D65: Allium fistulosum | E65: welsh onion | F65: =0.2*0.7 -> 0.14 | J65: https://www.inaturalist.org/observations/367851427
C66: R | D66: Lonicera sempervirens | E66: coral honeysuckle | F66: =4*1.66 -> 6.64
C67: S | D67: Gypsophila elegans | E67: showy baby's breath | F67: =0.45*0.33 -> 0.1485 | J67: https://www.inaturalist.org/observations/367851454
C68: T | D68: Centaurea cyanus | E68: Cornflower | F68: =1.07*0.45+ 0.6*0.44 -> 0.7455
C69: U | D69: Erysimum capitatum | E69: western wallflower | F69: =0.1*0.2 -> 0.02 | J69: https://www.inaturalist.org/observations/367851492
C70: V | D70: Hydrangea arborescens | E70: wild hydrangea | F70: 2.3 | J70: https://www.inaturalist.org/observations/367851519
C71: W | D71: Tradescantia sp. | F71: =0.32*0.32 -> 0.1024 | J71: https://www.inaturalist.org/observations/367851543
C72: X | D72: Rosa rugosa | E72: rugosa rose | F72: =0.9*0.5*2 -> 0.9 | J72: https://www.inaturalist.org/observations/367851579
C73: Y | D73: Rudbeckia hirta | E73: black-eyed susan | F73: 0.005 | J73: https://www.inaturalist.org/observations/367851612
A74: Luigi | B74: 46175 | C74: A | D74: Rosa sp. | E74: rose | F74: =0.55*0.55 -> 0.3025 | J74: https://www.inaturalist.org/observations/367851635
C75: B | D75: Galinsoga quadriradiata | E75: shaggy soldier | F75: =0.5*0.35*4 -> 0.7 | J75: https://www.inaturalist.org/observations/367851659
C76: C | D76: Oxalis stricta | F76: =0.15*0.15*2 -> 0.045 | J76: https://www.inaturalist.org/observations/367851701
C77: D | D77: Rosa sp. | E77: rose | F77: 1 | H77: pink rose
A78: Oasis | B78: 46177 | C78: A | D78: Gallium sp | F78: =1+1.5 -> 2.5 | J78: https://www.inaturalist.org/observations/368368035
C79: B | D79: Plantago lanceolata | E79: ribwort plantain | F79: =0.2*0.2 -> 0.04
C80: C | D80: Erigeron sp. | F80: =0.25*0.25 -> 0.0625 | J80: https://www.inaturalist.org/observations/368368091
C81: D | D81: Trifolium pratense | E81: red clover | F81: =0.5*0.4+0.7*0.6 -> 0.62
C82: E | D82: Taraxacum officinale | E82: dandelion | F82: =0.03*0.03*9 -> 0.0081
C83: F | D83: Trifolium repens | E83: white clover | F83: =1.66*0.66*2 -> 2.1912
C84: G | D84: Medicago lupulina | E84: black medick | F84: =0.2*0.2*4 -> 0.16
C85: H | D85: Convolvulus arvensis | E85: field blindweed | F85: =1*0.4*3 -> 1.2 | J85: https://www.inaturalist.org/observations/368368127
C86: I | D86: Rosa sp. | F86: =3.2*2+2.8*1.9*1.5*1.5+2.5*2+1.5*3.5 -> 28.62 | H86: pink
C87: J | D87: Rosa sp. | F87: =1.1*2.7*2 -> 5.94 | H87: white | J87: https://www.inaturalist.org/observations/368368163
C88: K | D88: Catharanthus roseus | E88: madagascar periwinkle | F88: =0.05*0.05*3 -> 0.0075 | J88: https://www.inaturalist.org/observations/368368200
C89: L | D89: Impatiens hawkeri | E89: new guinea impatiens | F89: =0.2*0.2 -> 0.04 | J89: https://www.inaturalist.org/observations/368368239
C90: M | D90: Erigeron sp. | F90: =1.3*0.4 -> 0.52 | I90: philidelphia? | J90: https://www.inaturalist.org/observations/368368277
C91: N | D91: Petunia integrifolia | E91: violetflower petunia | F91: =0.3*0.15 -> 0.045 | J91: https://www.inaturalist.org/observations/368368315
C92: O | E92: ??? | F92: =0.06*0.1*0.4 -> 0.0024 | H92: red petunia? | J92: https://www.inaturalist.org/observations/368368367
C93: P | D93: Petunia sp. | F93: =0.1*0.1 -> 0.01 | I93: maybe just more P. integrifolia | J93: https://www.inaturalist.org/observations/368368408
C94: Q | E94: low smartweed | F94: =0.1*0.2 -> 0.02 | J94: https://www.inaturalist.org/observations/368368440
C95: R | D95: Cornus kousa | E95: Kousa Dogwood | F95: 49
A96: Happiness | B96: 46177 | C96: A | D96: Rosa sp. | F96: =1.2*0.5 -> 0.6 | H96: red
C97: B | D97: Rosa sp. | F97: =0.9*0.85+0.8*0.1 -> 0.845 | H97: pink
C98: C | D98: Taraxacum officinale | E98: common dandelion | F98: =0.03*0.03*7 -> 0.0063
C99: D | D99: Common Columbine | E99: common columbine | F99: =0.1*0.1 -> 0.01 | J99: https://www.inaturalist.org/observations/368445237
C100: E | E100: family Asteroideae | F100: =0.15*0.1 -> 0.015 | I100: initally said Chrysanthemum-- clearly not on further inspection | J100: https://www.inaturalist.org/observations/368374372
...

Sheet other
A1: Site | B1: Date | C1: Time | D1: Num Species | E1: Species | F1: Count | G1: Notes | H1: Outside Count Species?
A2: Drew Gardens | B2: 46161 | C2: 0.38194444 | D2: 9 | E2: Mallard | F2: 1 | H2: GRCA, DOWO, MODO
E3: House Sparrow | F3: 4
E4: European Starling | F4: 2
E5: Northern Cardinal | F5: 1 | G5: feeding
E6: Song Sparrow | F6: 1 | G6: heard
E7: Barn Swallow | F7: 2
E8: Rock Pigeon | F8: 3
E9: American Robin | F9: 1
E10: Chimney Swift | F10: 3
A11: River Garden | B11: 46161 | C11: 0.42152778 | D11: 8 | E11: House Sparrow | F11: 6 | H11: CEDW, ROPI, BAOR, CAGO
E12: Song Sparrow | F12: 2
E13: European Starling | F13: 6
E14: Barn Swallow | F14: 2 | G14: heard
E15: Northern Cardinal | F15: 1
E16: Northern Mockingbird | F16: 1
E17: American Crow | F17: 1
E18: American Robin | F18: 1
A19: Hornaday Garden | B19: 46161 | C19: 0.46458333 | D19: 4 | E19: House Sparow | F19: 4 | G19: feeding, bathing | H19: AMRO
E20: European Starling | F20: 3 | H20: CORA
E21: Chimney Swift | F21: 3 | H21: CEDW?
E22: Rock Pigeon | F22: 1 | G22: bathed after count
A23: Clayon | B23: 46175 | C23: 0.36944444 | E23: House Sparrow | F23: 6
E24: Northern Cardinal | F24: 2 | G24: male/female pair
E25: House Finch | F25: 1 | G25: heard
E26: Chimney Swift | F26: 2
E27: European Starling | F27: 1
E28: Rock Pigeon | F28: 5
E29: Mourning Dove | F29: 1
A30: Luigi | B30: 46175 | C30: 0.41805556 | E30: House Sparrow | F30: 1 | H30: NOCA
E31: European Starling | F31: 5 | G31: fighting/ courtship | H31: MODO
E32: American Robin | F32: 2
A33: ELG | B33: 46175 | C33: 0.45 | E33: House Sparrow | F33: 4 | G33: fledgling and parent | I33: member Meredith told me she's seen goldfinches, purple finches (maybe meant HOFI), and fledgling robins and cardinals.
E34: Blue Jay | F34: 2 | G34: fledgling and parent
E35: Mourning Dove | F35: 2
E36: Chimney Swift | F36: 1 | G36: heard
E37: American Robin | F37: 1
E38: Northern Cardinal | F38: 1
E39: European Starling | F39: 1
A40: Happiness | B40: 46177 | C40: 0.35486111 | E40: Cedar Waxing | F40: 6 | H40: BLJA
E41: Northern Mockingbird | F41: 1 | H41: CHSW
E42: Gray Catbird | F42: 1
E43: House Sparrow | F43: 5
E44: European Starling | F44: 2
E45: American Robin | F45: 1
E46: Rock Pigeon | F46: 1
A47: BLF | B47: 46177 | C47: 0.40763889 | E47: Common Grackle | F47: 2 | H47: CHSW
E48: House Sparrow | F48: 6 | H48: NOCA
E49: Rock Pigeon | F49: 3
E50: European Starling | F50: 1
E51: Northern Mockingbird | F51: 2 | G51: terrirtorial/fighting?
A52: Oasis | B52: 46177 | C52: 0.45277778 | E52: House Sparrow | F52: 12
E53: American Robin | F53: 1
E54: European Starling | F54: 3
E55: Chimney Swift | F55: 2 | G55: heard
A56: Gallo | B56: 46181 | C56: 0.39236111 | E56: House Sparrow | F56: 3 | H56: Rock Pigeon
E57: Chimney Swift | F57: 1 | G57: flyover | H57: European Starling
E58: American Crow | F58: 1 | G58: flyover | H58: Northern Cardinal
E59: Snowy Egret | F59: 1 | G59: flyover
A60: Peaceful | B60: 46181 | C60: 0.42291667 | E60: House Sparrow | F60: 4
E61: American Robin | F61: 2 | G61: fledgling and parent
E62: Rock Pigeon | F62: 2
A63: Lydia | B63: 46181 | C63: 0.45277778 | E63: House Sparrow | F63: 4 | H63: fish crow
E64: Rock Pigeon | F64: 1
E65: gull sp. | F65: 1

Sheet flower key
A1: Common | B1: Scientific
A2: cucumber | B2: Cucumis sativus
A3: shaggy soldier | B3: Galinsoga quadriradiata
A4: asiatic dayflower | B4: Commelina communis
A5: tomato | B5: Solanum lycopersicum
A6: yellow woodsorrel | B6: Oxalis stricta
A7: pumpkin | B7: Cucurbita pepo
A8: mophead hydrangea | B8: Hydrangea macrophylla
A9: mexican marigold | B9: Tagetes lemmonii
A10: coriander | B10: Coriandrum sativum
A11: common hibiscus | B11: Hibiscus syriacus
A12: low smartweed | B12: Persicaria longiseta
... A39: black-eyed susan | B39: Rudbeckia hirta
A40: garden parsley
A41: bittersweet nightshade
A42: tomatillo
A43: bok choy (brassica)
A44: sweet basil
A45: chili pepper
A46: coral honeysuckle
A47: common sunflower
A48: pot marigold
A49: yellow daylily
A50: cornflower
A51: oakleaf hydrangea
... A80: large-flowered tomatillo

Sheet addresses
A1: Site | B1: Address
A2: BLF | B2: 2485 Belmont Ave, Bronx, NY
A3: Oasis | B3: 1981 Lafontaine Ave, Bronx, NY
A4: River | B4: 1086 E 180th St, Bronx, NY
A5: Happiness | B5: 2160 Prospect Avenue
A6: Drew | B6: 1070 E Tremont Ave, Bronx, NY
A7: Hornaday | B7: 851 Hornaday Pl, Bronx, NY
A8: Batey | B8: 504 E 178th St, Bronx, NY
A9: Krystal | B9: 2093 Vyse Ave, Bronx, NY
A10: Clayton | B10: 303 W 126th St, New York, NY
A11: Peaceful | B11: 52 E 117th St, New York, NY
A12: Gallo | B12: 1891 Lexington Ave, New York, NY
... A17: Lydia | B17: 1665 Park Ave, New York, NY
